Şirket / Kurum,Pozisyon / Konu,Durum / Sonuç,Tarih
RUFUNDSCHLENKER,Fachkraft IT (m/w/d),Olumsuz (Red),03.03.2026
theurer.com GmbH,Webentwickler ASP.NET,Alındı Teyidi (İşlemde),18.01.2026
webhub,Web Developer (m/w/d),Alındı Teyidi (İşlemde),02.03.2026
Fraunhofer,IT-Service-Mitarbeiter*in,Alındı Teyidi (İşlemde),19.03.2026
ISD Service,(Genel Başvuru),Alındı Teyidi (İşlemde),24.02.2026
GISA GmbH,Junior-Entwickler/in SAP-Technologien,Alındı Teyidi (İşlemde),10.03.2026
Reply Deutschland SE & Co. KG,Junior Software Developer (m/w/d) - Logistics Software,Alındı Teyidi (İşlemde),22.01.2026
abasoft EDV-Programme GmbH,Fullstack-Entwickler (AI-Driven Development),Alındı Teyidi (İşlemde),11.03.2026
RUCK GmbH,Software Developer (Web & Data Integration),Alındı Teyidi (İşlemde),11.03.2026
Bundeskriminalamt (BKA),Junior Full Stack Developer Schwerpunkt Backend,Alındı Teyidi (İşlemde),12.03.2026
ikoban Personalagentur Dresden,ERP-Anwendungsentwickler (m/w/d),Alındı Teyidi (İşlemde),14.03.2026
Stiegeler,(Genel Başvuru/İlan),Alındı Teyidi (İşlemde),18.01.2026
SVA System Vertrieb,Junior Full Stack Developer,Alındı Teyidi (İşlemde),21.01.2026
DEKRA,Junior Full Stack Entwickler,Alındı Teyidi (İşlemde),23.02.2026
Becker,Ihre Bewerbung,Alındı Teyidi (İşlemde),18.03.2026
Computer Futures,Junior Softwareentwickler C#/.NET / KI,Başvuruldu,14.03.2026
Musterfirma GmbH,Fullstack Entwickler,Başvuruldu,19.03.2026
Viadux Einsatzleitsysteme OHG,Software-Entwickler (m/w/d) – Full-Stack-Entwicklung für Einsatzleitsysteme,Başvuruldu,19.03.2026
Otto Schmidlin,Softwareentwickler:in Java/C# - Junior (m/w/d),Başvuruldu,19.03.2026
Eltako GmbH,Softwareentwickler C# .NET (m/w/d),Başvuruldu,19.03.2026
QUMsult,Softwareentwickler (m/w/d) C#/.NET/Blazor – HSEQ-Software,Başvuruldu,19.03.2026
Viato GmbH,Full Stack-Entwickler (m/w/d) mit Schwerpunkt React und Backend-Entwicklung,Başvuruldu,19.03.2026
kesselhaus,Junior-Webentwickler,Gönderildi,10.03.2026
Schlätzer Technologies GmbH,Junior GenAI Entwickler,Gönderildi,10.03.2026
G&S SatCom GmbH,Fullstack Webentwickler,Gönderildi,10.03.2026
msg for banking ag,Software Developer,Gönderildi,10.03.2026
msg systems ag,Software Engineer AI-Agents,Gönderildi,10.03.2026
msg systems ag,Software Engineer AI-Agents (all genders),Gönderildi,10.03.2026
FERCHAU GmbH Niederlassung Karlsruhe City,Backend-Entwickler (Junior-Level),Gönderildi,10.03.2026
clean-tek Reinraumtechnik GmbH,Fullstack Entwickler,Gönderildi,11.03.2026
Haefele SE & Co. KG,Java Full Stack Developer,Gönderildi,11.03.2026
Haefele SE & Co. KG,Java Full Stack Developer (m/w/d),Gönderildi,11.03.2026
HAEFELE Technology Solutions GmbH & Co. KG,Software Developer Testing / 3rd Level Support,Gönderildi,11.03.2026
AEB SE,Fullstack Softwareentwickler/in,Gönderildi,13.03.2026
Interflex Datensysteme GmbH,Fullstack Entwickler,Gönderildi,13.03.2026
Grollmus GmbH,Software-Entwickler C# Angular,Gönderildi,14.03.2026
HUK-COBURG,Softwareentwickler,Gönderildi,14.03.2026
INNOVATION HUB 110,Junior Software Developer (w/m/d),Gönderildi,14.03.2026
sepp.med gmbh,Full-Stack Entwickler Medizintechnik,Gönderildi,14.03.2026
Prof. Thome Gruppe,Fachinformatiker Anwendungsentwicklung,Mülakat Daveti,21.01.2026
MZA Meyer-Zweiradtechnik GmbH,Junior Software-Entwickler .NET / C#,Mülakat Daveti,06.02.2026
Reply GmbH,Junior Software Developer - Logistics Software,Mülakat Daveti,21.01.2026
Loy & Hutz Solutions GmbH,Anwendungsentwickler (m/w/d) - Low Code,Mülakat Daveti,23.01.2026
Lisa Stein von Stepstone,Neu Senior Software Engineer (m/w/d),Mülakat Daveti,19.03.2026
Lukrativ GmbH - Matthias Luchner,Bewerbung Full-Stack Entwickler (m/w/d),Olumsuz (Red),01.03.2026
Vimata Group GmbH,ERP Consultant,Olumsuz (Red),09.02.2026
Stadt Freiburg i.Br.,Ihre Initiativbewerbung,Olumsuz (Red),04.02.2026
msg for banking ag,Softwareentwickler,Olumsuz (Red),20.03.2026
Bundesagentur fuer Arbeit,Fullstack Entwickler,Olumsuz (Red),18.02.2026
OINK Recruiting GmbH,C# .NET Entwickler mit Angular-Schwerpunkt,Olumsuz (Red),22.01.2026
Sanero Medical GmbH,Fullstack Software Entwickler,Olumsuz (Red),24.02.2026
Bechtle AG,Junior IT Consultant,Olumsuz (Red),25.02.2026
DOMA Personal GmbH,C#/.NET Entwickler (Junior bis Professional),Olumsuz (Red),25.02.2026
T-Systems,Junior Frontend Developer,Olumsuz (Red),26.02.2026
Arvato Systems,Junior Cloud Software Engineer,Olumsuz (Red),27.02.2026
Janina Krischker,Deine Bewerbung bei inovex,Olumsuz (Red),27.02.2026
FERCHAU GmbH,Junior Java Developer,Olumsuz (Red),28.02.2026
ANG GmbH,JavaScript Web-Entwickler (m/w/d),Olumsuz (Red),15.03.2026
DATEXT iT-Beratung GmbH,Softwareentwickler (m/w/d) – Fullstack-Entwicklung für Dentallabor-Software,Başvuruldu,23.03.2026
DATEXT iT-Beratung GmbH,Softwareentwickler (m/w/d) – Fullstack-Entwicklung,Başvuruldu,23.03.2026
TMC Solution,"Webentwickler (m/w/d) – Web, SEO, GEO & E-Commerce",Başvuruldu,23.03.2026
becos GmbH,Fullstack .NET Developer (WPF/Blazor) – Industrie 4.0/5.0 / MES,Başvuruldu,24.03.2026
becos GmbH,Junior Fullstack Developer,Başvuruldu,24.03.2026
CHEFS CULINAR Software und Consulting GmbH & Co. KG,Software Engineer - Angular/.NET 8,Başvuruldu,24.03.2026
GÖDE-Gruppe / Taurus GmbH & Co. KG,Software-Entwickler (m/w/d) – C#/.NET & Angular Fullstack-Entwicklung,Başvuruldu,24.03.2026
CAS Software AG,Junior .NET Developer (w/m/d) mit Fokus auf Fullstack-Entwicklung,Başvuruldu,24.03.2026
CAS Software AG,Junior .NET Developer (w/m/d),Başvuruldu,24.03.2026
RIB Cosinus GmbH,Junior Anwendungsentwickler (m/w/d) Microsoft Dynamics 365 Business Central,Başvuruldu,24.03.2026
crossnative GmbH,Full Stack Entwickler mit C#/.NET und Angular,Başvuruldu,24.03.2026
mgm technology partners GmbH,Frontend Entwickler (m/w/d) mit Fokus auf React und TypeScript,Başvuruldu,24.03.2026
easyKaufmann Solutions GmbH,ERP Fachinformatiker / Anwendungsentwickler Haufe X360,Başvuruldu,30.03.2026
FERCHAU GmbH,(Junior) C#/.NET-Entwickler (m/w/d) – Automotive-Software,Başvuruldu,30.03.2026
Loy & Hutz,C# Backend-Entwickler (m/w/d),Başvuruldu,31.03.2026
Axactor,Softwareentwickler / Software Developer (m/w/d) mit Fokus auf C#/.NET und JavaScript,Başvuruldu,31.03.2026
Default Digital GmbH,Fullstack Entwickler / Backend Entwickler,Başvuruldu,02.04.2026
Default Digital GmbH,Fullstack Entwickler,Başvuruldu,02.04.2026
isl-kocher GmbH Intelligente Software Lösungen,Web-Entwickler mit Fokus auf React und 3D-Visualisierung,Başvuruldu,02.04.2026
Thüringer Landesrechenzentrum Land Thüringen,IT-Anwendungsbetreuer/Full-Stack-Entwickler mit Fokus auf Systemintegration und DevOps,Başvuruldu,02.04.2026
Sopra System GmbH,Softwareentwickler (m/w/d) mit C#/.NET-Fokus,Başvuruldu,02.04.2026
Sopra System GmbH,Softwareentwickler (m/w/d) - Erzeugerverrechnungssystem (EVS),Başvuruldu,02.04.2026
